source,relpath,size,mtime,sha256
home,af_category_benchmark_v2.1_results.json,4280,1766950112,69c13de1d2cd6bf12b46dd15310f64709f0c9ef227621b99acbc3289403f94a4
home,af_benchmark_category.py,72739,1766903929,4fb99a2255acc7e4ab73a593616f8cb4b6696983711bbe2d8cb7a4d9dfe7a9d8
home,ailuminate_demo_en_us.csv,322200,1766793826,63e2b654325c5405096fabf28ef5f057b0ad674904b1839fd1f52b523e324d02
home,.bashrc,3957,1766741055,75daca31eeda06567fd200d13815787aa7f744351aaf2fc60e79c31145f8669c
home,af_benchmark_three_way_results.json,5188,1766743875,b54c6fbfddcf65d3501c1202dd42299529bcc3a11398aa681969a3153e91b7f3
home,af_category_benchmark_results.json,3036,1766904533,9952a0b89df7c368cbbd27f67e2911a45f2021c8215c83d1c8b0014975ecbd15
home,af_benchmark_category_v2.py,87456,1766958044,434869c1bc4744729115885a9c2145392f8155f750cd2737723371aae9906b6e
home,.bash_logout,220,1648406430,26882b79471c25f945c970f8233d8ce29d54e9d5eedcd2884f88affa84a18f56
home,af_category_benchmark_v2_results.json,4244,1766948299,fd3ab98fb138c58448297eefa289080896b6d341c3a67e8e05cd66b3d358ef36
home,af_benchmark_ailuminate_results.json,6046,1766894967,24162e5dde1e50830e67bd2f48df96008e7a17e7c0582b06bd51a7d045cd42c2
home,af_benchmark_e2e.py,44864,1766777098,689ce8e5018493af4128d86c96223ea585cf15e231adf8038884749990694f01
home,af_benchmark_ailuminate.py,30220,1766793782,6293522a1fb8810740b0502a967c1ca1ecf38b24833cbc25fead52ec5c9e1163
home,af-v2.tar.gz,101567,1766965218,bdddf3198ef5c7b68f90165f35d61f1b424188e47c662b65305a0373945738db
home,.git-credentials,69,1766741538,fd18fb4e2d370f4772d470aa48b4030bcfbd058ca7d0583910a6892cd47e7922
home,af_benchmark_three_way.py,44141,1766742588,74435b69d6734d689b8848d5343bff023ab90a72410d92cf8d1bba80141ce467
home,.profile,807,1648406430,28b4a453b68dde64f814e94bab14ee651f4f162e15dd9920490aa1d49f05d2a4
home,af_benchmark_e2e_results.json,678,1766782675,3037dc4f30b179ba192cbac2de1cb5c2f711ebe8ea6bfd968015847dae9744f6
home,af_category_benchmark_v2.2_results.json,4264,1766958772,092cefe09a233ae5e836d375922a05719901f2d5d35459bc4a423349298e273c
home,.gitconfig,29,1766741529,2fcf6fcc94b500028b68bce81acd810ea3d5a52e484090d946ca7d7d9b70fa6d
home,.bash_history,16630,1767235564,1d980270be68cd5205e91dc9260ee7e216721a0577b47d9d963b1b6de1de6534
home,.viminfo,15870,1767232197,2b68c7960d4e9bd8d75c4bf073df4585be2097df1119b43e50f8ae18e4d3e8c6
home,ahd/simpleqa_gemma4b_v2_results.json,43029,1767229594,5bca332839d9778536a5000b9c3e735136e24bdddf714bbe480a3f4bdf4fc89e
home,ahd/ahd_poc.py,28287,1767221329,33f86863542e4eee5d4f485d00dc3cf1be2db566ea579d929c8f1a6e3d91202f
home,ahd/ahd_validation_results.json,5466,1767222855,730f185279c44af81f312d4a9ac9d6df1c5e386d813fcaa15ffb366bf678bd0b
home,ahd/ahd_layer_sweep_4b.py,9840,1767229356,0a946dd3622b9d42bd49058c0970d39bfbfefdb5876d15cf8f5f44d57e959d0a
home,ahd/simpleqa_gemma4b_v3_results.json,43316,1767230192,97830643f9e03f1efbb63a081501068aedfbd655c0d2a4629f118c7f27ac95c5
home,ahd/ahd_validation.py,32975,1767222736,85133296ca413bcb2c9cf4f409de433eacef30e21dc48891b7b081edc93c888f
home,ahd/ahd_layer_sweep_4b_results.json,1736,1767229387,86e49a228c87059f6babdedd18af096c5de39755a41f4aa51527fd3e00541ec4
home,ahd/ahd_threshold_analysis.py,5102,1767232197,31dbb9934f1b703025c745d4f58456a5411db7db26db269da47be9b73a155838
home,ahd/simpleqa_ahd_benchmark.py,37351,1767230075,7d8eecc631e2405faef6f77d038a8addbfc0d93aebecd0f0e62dc1fa2a5fade7
home,ahd/ahd_poc_v2.py,27087,1767221603,d9c08c713fc6efedc53b3d0fc8047631c53a08f0cb49a9364e3f1b0ae98f8be5
home,ahd/simpleqa_gemma4b_results.json,43027,1767228382,1fa3588cf807bafbf520725b63c291fab78857fd7e8d5f7ac9a448afbb322565
home,ahd/ahd_vectors/ahd_gemma-3-1b-it.json,529,1767221374,c80b4f30cd7aef8a3b9206508fea4e868fbc15889da27f34e51a0fb719a235e4
home,ahd/ahd_vectors/ahd_gemma-3-1b-it.safetensors,4780,1767221374,1e4baae59026b537301b37acaba641bb2e255770bcf10322d154dc56eed0cce1
home,ahd/ahd_vectors/ahd_v2_gemma-3-1b-it.json,590,1767221626,12eb0dd1c78b7c7be1470b6e2056100697f7ab4644090b99112fe3c150634f9e
home,ahd/ahd_vectors/ahd_v2_gemma-3-1b-it.safetensors,4976,1767221626,f5b8aa568333f516fa4ffef6e48b6c003ecc2dfe5b21db169a562eb4e311af2d
home,af_benchmark/run_benchmark.py,10880,1766742290,daa91e37fc0013fd3d401e2617b696601c0d1f0f4f5a37882abd62fcbaf3c9f2
home,af_benchmark/quick_test.py,9876,1766742290,cd98ab52a324e1c57d362942fd8a2ec84176ffa1808f20ee4ea64e47abbe0e36
home,af_benchmark/af_evaluator.py,18261,1766742290,43936f4814cd78c4ebe577d6cf9a582ff3aa1dfcc41687776b1de3a948acf825
home,af_benchmark/requirements.txt,441,1766742291,85048ff30c988d95288e999f6f6055151f4715fa3d1179c54780b83e5cb9380e
home,af_benchmark/gemma_baseline.py,8950,1766742291,b781fd8d57f5cf345460b827fd05d5083c6b24db4554a7256103501fe15d52d4
home,af_benchmark/data_loader.py,11363,1766742291,baccef75f2e13bf177a9032ed0be03fa091d3fc97f1b227d55d765ebac75af0b
home,af_benchmark/setup_and_run.sh,3756,1766742291,b2bb6a8bc5485b1e3a25d4eb4e14f8ae5d5697524441838a5e0133092ce1309b
home,af_benchmark/README.md,10291,1766742292,636a8d4d53fd6ed331daf80101c2b8b1f70c66bc1c80fe9eb48c5648a6ab40e5
home,af_benchmark/shieldgemma_evaluator.py,13320,1766742292,20dd313cec78b1048517ba5f8942f0e38ce426bb1bf9192c9f05650dac470c8d
home,af_benchmark/utils.py,12128,1766742292,8325e12f6b5066ee538bcb98bdf028ab7572d3bb27a82ecc535db3e479e6abe3
home,.config/gcloud/active_config,7,1766741139,37a8eec1ce19687d132fe29051dca629d164e2c4958ba141d5f4133a33f0688f
home,.config/gcloud/.last_survey_prompt.yaml,37,1766741140,b04915010f5e78e68fb7fb126a4da089a5150a938a8bddc87edb4fe4a2bbaf20
home,.config/gcloud/configurations/config_default,0,1766741139,e3b0c44298fc1c149afbf4c8996fb92427ae41e4649b934ca495991b7852b855
home,.config/gcloud/logs/2025.12.29/21.38.35.340559.log,1317,1767044315,30758d812311ec2464cf0b42689fa6597b8c2d695eed552c3d1505311e9af370
home,.config/gcloud/logs/2025.12.29/01.14.50.442101.log,1317,1766970890,a21e56b89b8b0ad7ae7f835ee9d16e0b831a9f2a5dcc8013bc835fa5ef605469
home,.config/gcloud/logs/2025.12.28/18.40.26.866458.log,1317,1766947226,94835f1d3430d490f5b70538c88733796926afa71f57076da088da75c7c865a1
home,.config/gcloud/logs/2025.12.28/22.49.42.105632.log,1317,1766962182,e6d38b4ee8238d6bdd75a6c1df2c01397431e3e28e9a375ef0d00d2875435858
home,.config/gcloud/logs/2025.12.28/21.40.03.456356.log,1317,1766958003,bb11ba396b063387d97fc77dc64e0b79f3cf1cfca43ca59a3bdfb6a1159c918d
home,.config/gcloud/logs/2025.12.28/00.40.41.516551.log,1317,1766882441,3273ade98d49b784e793420824c3f75139b4309615fbe31d1b99fc6fcfe3cd7f
home,.config/gcloud/logs/2025.12.26/09.25.40.333416.log,946,1766741140,2544c5841b6924e970b84d115a3a3ff04ffbc7defd43dd88267e54c879af0db4
home,.config/gcloud/logs/2025.12.26/09.46.56.729196.log,1317,1766742416,82fc88e6994311b241cfd61ebc1c2a58a1c05f3e1dccdf887440c39f55b4443b
home,.config/gcloud/logs/2025.12.26/19.24.36.639916.log,1317,1766777076,460c220b85c558ae9a5fd66e408bec866926f4d7e571127a43db86528973358c
home,.config/gcloud/logs/2026.01.01/18.32.46.136864.log,1317,1767292366,71a2d0b6e9c75a67e4887ec932b19a699852360bf46fb1b8ef62c36de13c16e2
home,.config/gcloud/logs/2026.01.01/00.33.17.865511.log,1317,1767227597,4553702654be08ef8e4a243e7b30bdf27cdaecea6fdd085874b4efc49f713d84
home,.config/gcloud/logs/2025.12.31/00.06.29.393177.log,1317,1767139589,b302bcc1aab913197cf49af101821957b6d18d6fed3072087b7b1c90f9d01fb4
home,.config/gcloud/logs/2025.12.31/22.48.34.117038.log,1317,1767221314,4e4db4fa7bc60f1aabd65e839f46e018f1620bb062684fad7dabd77a1cc3bfcf
home,.config/gcloud/logs/2025.12.30/03.11.43.437433.log,1317,1767064303,be9adbe1bb7ffb74485650d47079913e3c213c580cd74d4cf7d3356c7ddcefb8
home,.config/gcloud/logs/2025.12.30/07.58.53.336286.log,1317,1767081533,0956c3ebe763ffb40cea1a4b4157cbf6a76e51e5f8a2da1de0d00ed2879d4f75
home,.config/gcloud/logs/2025.12.30/17.08.33.410236.log,1317,1767114513,1e3643214765923f3fccac0d9b8729a99d10449d831033619acd11ed48111fd2
home,.config/gcloud/logs/2025.12.30/03.46.05.089307.log,1317,1767066365,6662d42df6910927e12e4cfbf408cf469a9d7a1b007b6b390cbeb9d5d6745b3d
home,.config/gcloud/logs/2025.12.30/00.28.32.154895.log,1317,1767054512,e755d5724468dc4453b566ec710be617856f15e74b5344c97738273c81a31d4b
home,.config/gcloud/logs/2025.12.30/05.27.56.334475.log,1317,1767072476,d217f42805337e11169774114b654bc8328c93efab6330ed0672043126920a1d
home,.docker/config.json,204,1766741140,9d169665673c556ff93f589970f2378625893bd3e7fa793424fb28e6a87fb61b
home,policy_vectors/enterprise_policies.json,1762,1767068506,59cb9bdbcf224f8dac45b50264c65873bd768d448a4f8a4443ec240270617b10
home,policy_vectors/enterprise_policies.safetensors,14340,1767068506,b24a321def383db603112e4c554cfa300fc7c75b39f035fd841e9b81ecef987e
home,apc/apc_poc.py,37656,1767068452,1303fa4e17d344f78971b54301df13a0459585a96771d5554506a2f8b264e255
home,apc/apc_poc_v3.py,49593,1767069496,1aec062cb6faca71fde701bed3bcfd8b977506c6bdb2d55df9636e4b1c7f6f5a
home,apc/apc_poc_v2.py,50842,1767069031,b8c78f24d4b3f4deeedcb5e13e198721db5a4dacaac99e1d3d9a55bf2b4a3a9f
home,apc/policy_vectors/enterprise_policies_v2.safetensors,28688,1767069060,fe28011be6c543d189ad8c5853751e3137928e32b3a92738c2ff613603930d9e
home,apc/policy_vectors/enterprise_policies_v3.safetensors,28688,1767069522,0cec56f0e4a2ede4765ac29a22dccd22c814e0231443d549ae82bce4d5f64f2b
home,apc/policy_vectors/enterprise_policies_v2.json,3721,1767069060,9a4904fadf132dab09bd84343cf154c0fb3689911cb8926a347f0d750cc1984a
home,apc/policy_vectors/enterprise_policies_v3.json,3961,1767069522,77b9d32a83bdf4cfc1a7c711a6a51ca53d94514c1ce5afbf271c963521459a49
home,aag/agent_gating_poc_v5.py,55510,1767068040,b09d33f4b2d10609f676f75d71eed362b1fc307792b0d780a6a9e2f986a891b0
home,aag/phase1_live_agent_v3.py,36909,1767073395,f1e6136deb83279a36faad7492041363a4ae204215b99f0508942ee3ab4170c9
home,aag/injecagent_v3_base_results.json,2719,1767084060,b59281419658b4771462c95502765b5d8f5efd6e1b03c58afb04032dd8c2e9c5
home,aag/e2e_test_results.json,5037,1767083071,34cb51812aa3da032c77ed81346ea1c8dece9a974b35f13f68399f002b768cde
home,aag/phase1_live_agent_v2.py,27842,1767073026,9007d1c1303c2b75363ee6a1358b7b992659b77ea68cf8661b1bc9b83e104645
home,aag/requirements.txt,242,1767066406,42d450afb6a9c300e118ada7bff747b85b52d91b3c9255a979e52dc017af59e5
home,aag/agent_gating_poc_v4.py,54050,1767067637,33a68dbc36e59e36fe517a2824db74008f4514c74e28642e9d59c52bd70c32d5
home,aag/agent_gating_poc.py,33961,1767066388,6605bedce25a50f12b1976c3ec5c452e4bc69bc1ec3cfeee53f54bf18f78031c
home,aag/injecagent_v4_base_results.json,494,1767118741,8ab720d7599364726d49b24a5c71f7fa445770d82802e2d0fadaba08211c9ff5
home,aag/injecagent_enhanced_results.json,5955,1767082706,b96be648b0279c2831fa6f712264b4249b53c66b74e8eaa49a1361b6e80ac3e1
home,aag/phase1_live_agent.py,32344,1767072490,7308404401a25461a12ad86375fe675672fdea244224e8ddd6115bd9c8e8aafc
home,aag/injecagent_base_results.json,5969,1767082381,452b5c63f6c380cdf5f6c92e29dea2d805b738e2883318a4e4fe58e8171acd4b
home,aag/injecagent_benchmark_v4.py,18940,1767084299,991176abb0ab55832f100b707040114e3a790b01cbf3969914416b3bfe4b912a
home,aag/injecagent_benchmark_v3.py,27411,1767083846,f989741599a47419d90c059efea09e8975ab7241e5b157d7ab92bbb8c87d23eb
home,aag/e2e_live_agent_test_v3.py,23904,1767083501,2f5ae1672714f9488bbbd18a4d567c50bc26479528233ba57aa7a97acc438a69
home,aag/agent_gating_poc_v3.py,46664,1767067267,a88b7910cc365d421b4549a1f48c19077d5fd8160607efb3879ff714b5b28520
home,aag/e2e_v2_results.json,3532,1767083276,20e0a0765713d6d7c72a32c2bebd685195b18a28f94689e978efd66e68d83686
home,aag/phase1_live_agent_v5.py,36952,1767074068,63e928c46ba3a9033ca1192371f086ddd3b9fe5a672ce60d2efb27d84d04b0ee
home,aag/phase1_v5_results.json,7920,1767074081,c826b6be815a053989ba445a6e74fd311595bac4adfb9f06c9420aa21c0be43c
home,aag/phase1_v2_results.json,5922,1767073041,0f9336f224fa10690cdd889db5db3e448b6a63646e42b69164da05a98c6e9c45
home,aag/phase1_live_agent_v4.py,36910,1767073779,c201a91ec8ed1ac050beda6c67afc726fabde37d8dd5e97961c0aa48573078d5
home,aag/e2e_v3_results.json,5952,1767083555,80bb65093037d742cd74ef3fe5c700234ea6518531759da3695e66ee70231c6e
home,aag/agent_gating_poc_v6.py,44510,1767069293,c4d4e50add62f92568708a1ff21f37de230488f67a66d6e8c2d59e30ed0a45b3
home,aag/e2e_live_agent_test_v2.py,18352,1767083236,7c6244ab35f1643d858c893eb7d12ae7f22930e3d66b5b4a263f185341fc300e
home,aag/injecagent_benchmark.py,30358,1767082136,5109ec0ee4fe62a9c9c6ba70238652e188fb0f9e10579ff2a6cda1719e7e8c38
home,aag/injecagent_v4_enhanced_results.json,497,1767122923,22dd80646c8b57704c799a9c2f751faaddc78d12479237e897b06d671f28a7c7
home,aag/phase1_v3_results.json,5992,1767073436,14c9aa1582e401288651be5d51f81bda02516586fe92075ebe900bb82deb2ffb
home,aag/e2e_live_agent_test.py,27779,1767083006,3265b9967c7554939fc92a546852006dd0532e2eded9e6150d5c75a1097c0b66
home,aag/agent_gating_poc_v2.py,27693,1767066635,b4093a4a4551ced2cb701a7bab9afdcc0d68b6182ec2fdce8bc9f40374f334e4
home,aag/phase1_v4_results.json,7695,1767073798,84cb07435edc51784aea6ae39a280d58c758e723235c968e1c2acc08e1ac34cd
home,ihe/ihe_eval.py,26789,1767050636,7631402ffb11a7c617dff2cbeba6c32f90143b759a767dd0f863380d07370d84
home,ihe/ihe_analyze.py,15873,1767050683,a0d5886480851c6b5d9bf79bfc8c362b1411363c307ff4d3ab8875a0a466fb8e
home,ihe/ihe_core.py,67133,1767052156,ed4b0b8d3c01c49f7d4482c36bf87af2c4c99c62a3c9c6b36c8e93abc6752c93
home,ihe/ihe_train.py,13160,1767050660,ac36b2276199175e34001383494f78ae3281ff0e0a7cdc5a522234060fb3cb3e
home,ihe/ihe_output/evaluation_results.json,8140,1767051958,845d00444ec61eeecccacf3c36d16f9a7b33a15651572d5cd876f7836e07ce96
home,ihe/ihe_output/hierarchy.safetensors,9380,1767046069,1fced649eb5a4530a20d4ae220d6cde54c2343c02c14313bd643359b009f720f
home,ihe/ihe_output/conflict_dataset.json,20990,1767046059,d721b6268ad55735456918d5cfe1f9bd17d6fb602c86c49e9376974aea195db7
home,ihe/ihe_output/hierarchy.json,343,1767046069,235d6cb7b2dc1adc26d98a32a5b05649a4778671f64a4cdeaf7fc337775746a5
home,af_distribution/af_quantization_report.md,3104,1767055410,75efca7d64e1f10f8085518aeef56400c2c3668cda0a6b21e4e416de6fcf2630
home,af_distribution/af_runtime.py,19566,1766963383,c4006d0dd9a5c1ae999995c9d182f618b02ad864e154d4d65c37aec07a41986a
home,af_distribution/test_eval_comparison.py,18983,1767055594,2ca24d74411962d6e9a4f531b28434a116857bf0d271f7c62e0e604074894f11
home,af_distribution/test_extreme_quantization.py,14130,1767055381,b75a0c679ffed0279efdf3b0b2ea64c6726321e5f6365609561183341c539bc9
home,af_distribution/af_eval_comparison_results.json,21567,1767055641,cf30a44e6c77a76204468027122fe9ad36cfdb6d5567019c6dc3dc8a59c6ecfa
home,af_distribution/README.md,4660,1766959918,b283c237f37595f0e5d961fd71a4c9d0987512e1e56fbc02273b235d1dcd6c9b
home,af_distribution/af_generate_gemma_vectors.py,61781,1766964159,57a97186d1c9cae3b96498e2eb91d0d3ec3557317548cdf1a3842980298b2592
home,af_distribution/af_evaluate_vectors.py,19206,1766963272,cf04686324152c813d437548151d5d3ebc9b22c4778a95415843f2df114e4903
home,af_distribution/af_vector_packager.py,7147,1766959845,0d7ce382c23923e970dad9f369612ab1b2a6175aa794a2002b3c16c48e64bb5e
home,af_distribution/af_eval_comparison_report.md,1284,1767055641,9abcbb6c28b2616e99f9b29e009a496f37818b284a654e2064d2281e80524aaa
home,af_distribution/af_quantization_test_results.json,15500,1767055410,c9815ce1028ed198c88911d2f10bfb7de480f4057e60fb399e03ac36956faa99
home,af_distribution/vectors/gemma-3-270m-it.safetensors,43396,1766960466,e6f5063ad65c42ad92ef4e5c52b36cdbd951e1329476cd94daf449f1f4e879d2
home,af_distribution/vectors/gemma-3-270m-it.json,3427,1766960466,a0db36b5e517724b8c159ca5268f98d5ef73b3ff7b6e19d301e3c6e43bdb2274
home,af_distribution/vectors/gemma-3-1b-it.safetensors,76180,1766964221,477925552153301a37a281425a533dbb25ef43b1d959f15d55d59b51156b1254
home,af_distribution/vectors/gemma-3-1b-it.json,4086,1766964221,704158156e7804d7d3b7473f981436b8342fe1f3999d9f5b141cff6c5630ed65
home,af_distribution/policies/af_policy.json,3192,1766959878,f8e90dda615ed38e540af58be28e588cd3e60e5e32992bb48105b36271a9d8c7
home,.ssh/authorized_keys,586,1766740995,85f6d6fb3dd92fca848b6bea4f7b1e5ead0e254b4cf108289e71544f75bccce9
release,README.md,1198,1767500347,10c10c671df7eace28655e534c835e3fb84ed49a1cff9cbf4271ce3ddaedb6c0
release,setup.py,456,1767500347,e8ed8db78248b66c05b154c98d84d81d83ef380ae7934a67fc33de44bf37bc47
release,MANIFEST.json,376,1767500347,15cdb235ffeddbdac2df15153c322676fcf055e6fd0805453cc36d74ee1832a4
release,aase/safety_gate.py,2951,1767500347,1c0b5604ebc800735ec5469ee8ada369d0c464c934c26d3ad417384279bfbe73
release,aase/__init__.py,421,1767500347,48b3ce283ce0cf7cee9744c96a02756375cedf08785ec7d27d3d677837d8c049
release,aase/extractor.py,2444,1767500347,46516f320fa1905c4231c5f97bd52f3fb4b817f7849dc0fef7cfcd7486fe3fc8
release,aase/probes/af.py,556,1767500347,53710014d472a4e3408dd42d6d49e74b055f9aeda94e5d3a1facadb65d00e5c7
release,aase/probes/__init__.py,158,1767500347,14ecfd5954a8ba5dcbe37639978f583768baee61b89fe20f04fb99dacb2b4a89
release,aase/probes/apc.py,623,1767500347,775b7a61a617f52da0fe40049887f629084487f9b0827c3a3cad50d00c519f69
release,aase/probes/base.py,2306,1767500347,19ed148c0659a3bfbe9b6c152e34e2dcad1f81af0257de5e53546ab5b569f725
release,aase/probes/aag.py,548,1767500347,0c9023396e684e25a5568ed85b12ca57e9c4583ead947570e8704910d522d900
release,scripts/pretrain_robust.py,37913,1767500347,00432468e5123238d9027556839b9e0afffaff1fc5b7e006b7e7c719dd093b94
release,scripts/debug_aag.py,4265,1767500347,4a5eae0c72cd7d55daab0bd54507d99eb87053d40cb7d365125ef63dbaf9763e
release,scripts/pretrain_batch.py,6361,1767500347,5937987624e51d0bf180b5ccd00ba70070a74dbbdc334a8ad3c24e5f807c30e1
release,scripts/pretrain_gemma3_fixed.py,15040,1767500347,df27204b40cd5210898cfe6bc5a269e60c463e22a4431ae0c9c47a6cfcd31f36
release,scripts/recalibrate_v2.py,9663,1767500347,0ecd65868b7b91d88dc7f3e418c5ff8d392c8cf265774206578b703d0bbe7953
release,servers/aase_server_transformers.py,11207,1767500347,d4348284db2b3b7da008ac3567510689ff442b32065e59f24cd7db6b6aed8acb
release,servers/aase_server_v2.py,11157,1767500347,5f74b82d2f8e09c995a8c084aeb1451b0fae217be5e18758d7aaed64a17d79c3
release,pretrained/google_gemma_3_4b_it_summary.json,1127,1767500347,5105178068b684aa6b420b786723bd229805debdddb4151e6cd52a252f162d68
release,pretrained/google_gemma_2_2b_it_summary.json,2486,1767500347,47004b0a7ecf05534b4f86470ec8aa92e3a741050c3395532874955d18aef6d7
release,pretrained/generation_summary.json,822,1767500347,2679083aa8f420bfb2c28753bbeddf7acf49cdc769b0bfd38bf023066e6840de
release,pretrained/meta_llama_Llama_3.1_8B_Instruct_summary.json,2486,1767500347,0dfba80e6b5f862f868b43bcd87fef5f6a92025d54ddd528326091ebc865e8df
release,pretrained/google_gemma_2_9b_it_summary.json,2469,1767500347,b91a7056978a73c96007e751859b04e66594f5e7adeff34cdce98c74977716f2
release,pretrained/google_gemma_3_1b_it_summary.json,2505,1767500347,cb6ba5581099e02d9ac7a6ee44ffa7b5f537a1a55d91ec685387a7849c016457
release,pretrained/meta_llama_Llama_3.2_3B_Instruct_summary.json,2497,1767500347,0b547378e6a33c430f549a149eafc158ca3ad14ef1298706fd9e19b1e62fb344
release,pretrained/meta_llama_Llama_3.2_1B_Instruct_summary.json,2490,1767500347,09157f6552d7c8dfe9b6daf7584cf76a887e83c11a3225dda43ff5c90cd946ae
release,pretrained/apc/google_gemma_2_9b_it_legal.json,559,1767500347,13205f011b67f945d429d5ea7ae563adaff28630b433b6675839528ce53d4405
release,pretrained/apc/google_gemma_3_1b_it_medical.json,564,1767500347,3fd2d60424c09509dc606b3ef4054b00da1190145c4d4e33b63d8d84be9515fe
release,pretrained/apc/google_gemma_2_2b_it_crisis.json,595,1767500347,c88186b3880ec5c6e6b67f4233d44f7c8d0e5d58c58524acbfd49f035d44d762
release,pretrained/apc/google_gemma_3_4b_it_crisis.npy,10368,1767500347,2d3baf11889527ed6ef84a0514c84ddd1b67f945b2b990aed0ec63c06ab5c2e9
release,pretrained/apc/meta_llama_Llama_3.2_3B_Instruct_crisis.npy,12416,1767500347,fab635cc32a03942406d6c5ce604d79f3b54f1365855d5b71f126785605e4f03
release,pretrained/apc/meta_llama_Llama_3.2_3B_Instruct_legal.json,571,1767500347,928c97294d4691ed90bc8f0486ca8a80fca6680b9649b71a1d2f3ddc5544d23c
release,pretrained/apc/google_gemma_2_9b_it_medical.json,566,1767500347,b151d1741c7b45dae57a6afae5b11a33daf67fdd22ea7fec86e8031d5ad1dc5b
release,pretrained/apc/google_gemma_3_4b_it_legal.json,416,1767500347,f91cdad818756c1ace015d4bcaa6aee1e05241471485f00d17ea912e36063367
release,pretrained/apc/google_gemma_2_2b_it_financial.npy,9344,1767500347,a616a65dc4e86c4f76a7aee89cb423dca5bb56b4778fa74c6953b727b3ae065f
release,pretrained/apc/google_gemma_2_2b_it_medical.json,588,1767500347,7c02f4d37472d7e3702f6ad66b7d513ba27ae3a671f5a51d344782e69ac262d3
release,pretrained/apc/meta_llama_Llama_3.1_8B_Instruct_medical.json,573,1767500347,fe1e4863ffe2ee34423dd896598206aa7091ed21be85f288fd1b99e5f854f4b9
release,pretrained/apc/meta_llama_Llama_3.1_8B_Instruct_crisis.json,579,1767500347,f5724955249c2cfd1b50ef519c6d901c4e97c28f38a89b833410ee7cfef9b756
release,pretrained/apc/google_gemma_2_9b_it_crisis.npy,14464,1767500347,8f6c40240f9857243dc4e1253b3f3ca7a35c3adcc56c7effd1185c2750831846
release,pretrained/apc/google_gemma_3_4b_it_medical.npy,10368,1767500347,ae505c22efec57534cb5c8f9e8033877fb0ac910fc48566e1aa85340b8ce1227
release,pretrained/apc/google_gemma_2_2b_it_legal.json,584,1767500347,d280203d5cd24bddbf71706800926b5617d07bb2d5896298050d3a64942d23ce
release,pretrained/apc/google_gemma_3_1b_it_legal.json,559,1767500347,3f59ff64eb80bad87be07e60590e0b1beeebec6ca9e7ea4851b640da2c88e523
release,pretrained/apc/google_gemma_2_2b_it_medical.npy,9344,1767500347,75aaf1571bf338e40f672456ac2e005fbf640d95c99adca653cae2dcb882fa0f
release,pretrained/apc/meta_llama_Llama_3.1_8B_Instruct_legal.npy,16512,1767500347,01430f27700af2010010b6529efe72930c1269d637c74546ee147ec284b2bcfa
release,pretrained/apc/google_gemma_3_4b_it_legal.npy,10368,1767500347,c93d048f8fb68bf6a2bf54c0462289fe30a78f125e4a302d871b49194f098ed0
release,pretrained/apc/google_gemma_3_1b_it_financial.npy,4736,1767500347,e46f7b9f2bd0e18c25a43ff81eb0e59257ffd796b7bf5e365841885d54060fa9
release,pretrained/apc/meta_llama_Llama_3.1_8B_Instruct_legal.json,571,1767500347,975972adb1e635175ee761565c6077ee2fb389d9ffeb131ceda4bbf804fb445b
release,pretrained/apc/google_gemma_2_2b_it_medical_advice.json,416,1767500347,8e810b14a16209324b6373ac91365176a7cf892806d6fdde596aa115c5a0957e
release,pretrained/apc/meta_llama_Llama_3.2_1B_Instruct_financial.json,580,1767500347,9797a5eceb0b12445bdbc4c9d35507fcda0fb38a15bd8857acd3207ec38302dd
release,pretrained/apc/google_gemma_3_4b_it_financial.npy,10368,1767500347,c93d048f8fb68bf6a2bf54c0462289fe30a78f125e4a302d871b49194f098ed0
release,pretrained/apc/meta_llama_Llama_3.2_3B_Instruct_financial.npy,12416,1767500347,c2dc1212a5463419acf0764e883d0fa70e25aca00ba6728e5abd35bab326397c
release,pretrained/apc/google_gemma_2_9b_it_legal.npy,14464,1767500347,5a11c43c55c60f920272dcd34b9877acbc7afd89450f0a87ed29a00b84259cef
release,pretrained/apc/meta_llama_Llama_3.1_8B_Instruct_crisis.npy,16512,1767500347,2e0bc1452b2666e263dd3fcd3c2c0b5efe14a0c6038f292f360a17119da78c20
release,pretrained/apc/meta_llama_Llama_3.1_8B_Instruct_medical.npy,16512,1767500347,1e3d4e20067ceaa7c811cf058af2d45b2f8ce0c1e409e46eb79387eb569bf0e9
release,pretrained/apc/google_gemma_3_4b_it_crisis.json,384,1767500347,893c6fe8c183558a5cfb3b81575cd241d1d38b6530745f05c7d0f7599649c146
release,pretrained/apc/google_gemma_3_1b_it_crisis.npy,4736,1767500347,19306cdd28d7dba09e58ad29c9717d30e0e424a5f24be12a0909006629e467ed
release,pretrained/apc/google_gemma_3_4b_it_medical.json,388,1767500347,6eb3e63f09b5b39c53033f67df893a1629f3f0bcd9a86c76603dc493e10b2488
release,pretrained/apc/google_gemma_2_2b_it_crisis.npy,9344,1767500347,a930cde4f125657d835838995e8a62fb1ef3ad6a0accbf731cec0ac40503d0a5
release,pretrained/apc/google_gemma_3_1b_it_crisis.json,570,1767500347,1e3e7e5bc378223eb96c2b4ecfda1c72518a089b98842b90c720f66895132491
release,pretrained/apc/meta_llama_Llama_3.2_1B_Instruct_medical.npy,8320,1767500347,6b94361eb87699f76dda2823cc2b2962f44d1594625edae6ac2a567f4df89a45
release,pretrained/apc/google_gemma_2_9b_it_crisis.json,570,1767500347,d1c8d6a8956b566b02826df74786e993152e9c25823869060d63825bdea548d0
release,pretrained/apc/meta_llama_Llama_3.2_3B_Instruct_financial.json,581,1767500347,b0b8adec87ed6209995658f4d071fb04245ec5e03c6ca0d1ce21932745fedd8d
release,pretrained/apc/meta_llama_Llama_3.1_8B_Instruct_financial.json,579,1767500347,bf5a99e52c5861c0f4858483ff915a5ef330460608b812b82ce53e030f987f19
release,pretrained/apc/meta_llama_Llama_3.2_1B_Instruct_legal.json,568,1767500347,5a9bde518d6c451d577282b423d3795d50c650f374ea6a51ff108110d0cf4310
release,pretrained/apc/google_gemma_2_2b_it_medical_advice.npy,9344,1767500347,fab555a89768eb0d5f5c4e248c7e95f400df14c2cc813c8542e06e3966dafed4
release,pretrained/apc/google_gemma_2_9b_it_financial.npy,14464,1767500347,bef94e886d38a9f92d41577a17365ff49b1d6596f712e743ce79dd25d7b76666
release,pretrained/apc/google_gemma_2_9b_it_financial.json,567,1767500347,dbc1ed171d2e6eb6c96c8a7967dc59dbf44c0fb1208537583de6675308903484
release,pretrained/apc/meta_llama_Llama_3.2_1B_Instruct_financial.npy,8320,1767500347,1d65388310090deed7fe4cf505aabee3bd63f050f3b3b5fbd5b24e761dffc6a8
release,pretrained/apc/google_gemma_3_1b_it_legal.npy,4736,1767500347,435066799799cb1380de24881f57ae27956059ff8f93148bc0be84abc4314d57
release,pretrained/apc/meta_llama_Llama_3.2_1B_Instruct_legal.npy,8320,1767500347,95e1e5d066e7333580415852fdb0dff7f039839f1c4954214921162871b7c956
release,pretrained/apc/meta_llama_Llama_3.2_3B_Instruct_medical.npy,12416,1767500347,66e67cbc193c4bae871374ab8e79f5e1fa30ca536afcc30fbeef40fac62cef98
release,pretrained/apc/meta_llama_Llama_3.2_1B_Instruct_crisis.npy,8320,1767500347,98a3189fd6dfde1ed28a9170fdfb6b0877b933df768a1c7889757cc8f7f1e490
release,pretrained/apc/meta_llama_Llama_3.2_1B_Instruct_medical.json,573,1767500347,002721110ee029d8f1879d9ced72dbc9aec9cca81a930a71d3ed8bb8307b5a91
release,pretrained/apc/google_gemma_3_1b_it_financial.json,569,1767500347,3a9382077091a5c08c045e5ceebad867fb2dcd9e1e2e75fdbf1197e8a57f1313
release,pretrained/apc/meta_llama_Llama_3.2_3B_Instruct_legal.npy,12416,1767500347,6967bb161406a3a42d8932979a8d8e8cad1a47ebec0079a8346c624503ed6b96
release,pretrained/apc/google_gemma_3_1b_it_medical.npy,4736,1767500347,1220e202a2ad7c96128f4ee3e87a3073aa4287bfc2dab39f66404cbc455b15a9
release,pretrained/apc/google_gemma_2_9b_it_medical.npy,14464,1767500347,7041b3ead5824425fbb00e9e4340622fb21aecf2ff860e431a584d2b175f200f
release,pretrained/apc/meta_llama_Llama_3.2_1B_Instruct_crisis.json,577,1767500347,d66cf963577c953e107b4d59cf84e05f1290ae6692852dbe8010a3d4ee45b6a9
release,pretrained/apc/google_gemma_2_2b_it_financial.json,594,1767500347,96157d94aeca586a0bca6211b6d82f5ce6f961035d4b6015f1c9114eac62e6db
release,pretrained/apc/meta_llama_Llama_3.2_3B_Instruct_crisis.json,581,1767500347,fdb90c598c75473f00799df40b92246154464483d69af8fd998e84f67ea37a25
release,pretrained/apc/meta_llama_Llama_3.2_3B_Instruct_medical.json,575,1767500347,36baa0e93747f0c21e5fa9f3ee3bfec2b3491b8069b8514fd1b51710490baf34
release,pretrained/apc/meta_llama_Llama_3.1_8B_Instruct_financial.npy,16512,1767500347,7eb7989809a1d8aef9d59cb2be7a546dfec2558fcdc1b717e0f467b1c66ede21
release,pretrained/apc/google_gemma_3_4b_it_financial.json,420,1767500347,9214e448f06b6d9216ec2f35172e2096939550e4c88123c2273d15decc1bc48c
release,pretrained/apc/google_gemma_2_2b_it_legal.npy,9344,1767500347,5d1641ce0fcacdfd3283e60b3ab574d96411b3af97f5833bfb659dbe47cfd69f
release,pretrained/aag/meta_llama_Llama_3.2_1B_Instruct.npy,8320,1767500347,e2a161dda2801905238f5e0309dfa442abec1159807b4238fe12b96121532f00
release,pretrained/aag/google_gemma_2_2b_it.json,595,1767500347,7f4836d72f8154f9a87a3f6283d22adb6d0cb10d1d18f7caed4b73bdb0985294
release,pretrained/aag/google_gemma_2_9b_it.json,541,1767500347,b285c21853df2a4e10f0f1e08ad225252a8161f33af9a5cc8cb468025777dc1d
release,pretrained/aag/google_gemma_3_1b_it.json,559,1767500347,a1b591d810a14bc99ff1b72cdba4e0db0a279a9da19cb99dca685801423d52ae
release,pretrained/aag/meta_llama_Llama_3.2_3B_Instruct.json,568,1767500347,c323ac6e4e514eed52972bc3d5fbf87b508907df75688a43ecf7cf7540d46fe3
release,pretrained/aag/google_gemma_3_4b_it.npy,10368,1767500347,dc1034633e849d8417926a179e66d586a15f9f6363d684b1e2bf8ed43a788239
release,pretrained/aag/meta_llama_Llama_3.2_1B_Instruct.json,569,1767500347,74b6f47ce8cbb26748afcde6a84fd6eec0ddb0c0f8beabb8fe124a997b0ec473
release,pretrained/aag/meta_llama_Llama_3.1_8B_Instruct.json,563,1767500347,44df205d09101fa5511d90ab9cb3490d9fd2d7e88d40255c9d0d089884ec4219
release,pretrained/aag/google_gemma_2_9b_it.npy,14464,1767500347,aacea03df95d4e5d86c85d2d13c372dfd38eda3b6ce3ac0fa30b5c90e04a0436
release,pretrained/aag/google_gemma_3_1b_it.npy,4736,1767500347,71edcdffc3bbbabb98068a87449a36d82b4db1bd5ae33335ca8189680d128aa2
release,pretrained/aag/google_gemma_3_4b_it.json,356,1767500347,cd8b8e0097dd8f36c31cc68e432a4766f71f6ca5104858605cde21f8ef33658f
release,pretrained/aag/google_gemma_2_2b_it.npy,9344,1767500347,e23fbb7c052ee957e7dc8c06056f4bc1076530ec9cad07f5ea7dbbe744998356
release,pretrained/aag/meta_llama_Llama_3.2_3B_Instruct.npy,12416,1767500347,fa19b8acd4b3aeb65c543a201079dc83f7cbdcef3e8b1005151e56a71109bfc0
release,pretrained/aag/meta_llama_Llama_3.1_8B_Instruct.npy,16512,1767500347,bd30f3d61db807fa6647e09e65afea80ba650f8eb9a6ed1602b046a11a9327a5
release,pretrained/af/meta_llama_Llama_3.2_1B_Instruct.npy,8320,1767500347,a4bec17a9fbafb9f2b5b85deb6e1f83db424d1c1ee31a1c966ea501fa0dabd74
release,pretrained/af/google_gemma_2_2b_it.json,570,1767500347,ee871e4fed2d718daed7892cec08b52fe8e4b473729f1112355436c10f3b5c01
release,pretrained/af/google_gemma_2_9b_it.json,540,1767500347,0022f200fffbff0b683e4ef556d5ab7bc9b4c6845d587a074868a9e56fcd0739
release,pretrained/af/google_gemma_3_1b_it.json,558,1767500347,edff01cc3b2eb830e4e3910afa12a86975d60b026ba7ae8cbcbeb751a3469a08
release,pretrained/af/meta_llama_Llama_3.2_3B_Instruct.json,555,1767500347,1e442df2bb1a5757ba8ba0188e9a5d26d2923ae89c023dabcbfa98eac0e5db5e
release,pretrained/af/google_gemma_3_4b_it.npy,10368,1767500347,7a82f6c855ef1be3d3496841e5ee45e0ce9a0cdaee271c4a7ef686c7f78f1456
release,pretrained/af/meta_llama_Llama_3.2_1B_Instruct.json,554,1767500347,e2bd68cb086d1da6c6e55946dcf3cb668666f8ee97d32e0ff2443b3d35e99cb2
release,pretrained/af/meta_llama_Llama_3.1_8B_Instruct.json,555,1767500347,06301c6146dffd6b6eef77ad52878487128acef223f42888fda42008aa884860
release,pretrained/af/google_gemma_2_9b_it.npy,14464,1767500347,8575c1f7917ec2345a40c3daf0290557847e8ec797688a4b1ce8ab81e5beb77a
release,pretrained/af/google_gemma_3_1b_it.npy,4736,1767500347,e0ada17b5dea3cc5e3cd87fb5f3c04650beb765f944a0c70fe750c470efae3c9
release,pretrained/af/google_gemma_3_4b_it.json,378,1767500347,73fad61cb16678779bf7df4f3ee0c0df2df8b20d5a279294539ceaa94e7faf1f
release,pretrained/af/google_gemma_2_2b_it.npy,9344,1767500347,4fe939c2b5dc6bb3907ac6df69b9e6435f4cee4e8e76680b1f5e3fd7502b88ce
release,pretrained/af/meta_llama_Llama_3.2_3B_Instruct.npy,12416,1767500347,a93796372736f7a23f4cbcde9902a92ec816fb7f76159c0747c2fbb8f167910b
release,pretrained/af/meta_llama_Llama_3.1_8B_Instruct.npy,16512,1767500347,f048d31399dce406e74b02ae63d08931f1184f0a8bbf152d4d0d0611134347f6
files15,debug_gemma3.py,2713,1767535762,1a4562e9fcf387ca44188639a39c4e7adc202d77c5485a45361395886a3084a1
files15,test_aase_vllm.py,14668,1767535762,c2c7f1460a5565d53bf574a7975be2c242fe7abaec949569255436d154ff7a33
files15,retrain_aag_injecagent.py,13830,1767535762,b21506d65113a4395af0a98b5e8ed32906de5819d121d58d2bbe98ee7fb0b8aa
files15,eval_injecagent.py,13999,1767535762,fe9dd210a88f2597046d4a8e56e43600770d94c301bcaa381f5ed67dd16aba07
files15,fix_aag_threshold.py,794,1767535762,49f55c3c9d8a21b307bda16d22a08d93074c48500341c34a65acecfe43bea3a2
files15,vector.py,9699,1767535762,208d46ab0abce41bf8bdefaada60f7398463d7090d0a36cf581bab142477e555
files15,test_vllm_hooks.py,8677,1767535762,51cb178363c9e4c7cc4d03a7cd0f980ee50a86cf1a5014945efe39c982b79897
files15,debug_probe_paths.py,1554,1767535762,1058f9a88777186f606acb1998ac65644290a9e5fd5017000bff6748f6d8abbf
files15,fix_aag_final.py,693,1767535762,60fd6249de171e6b54f309181a174ca02e56267a865faf2e66b7a4442219032b
files15,set_thresholds.py,2463,1767535762,e96546e776236eab2fdb7f9609f178297bb83aff64e26ca7ab7f12cda783a9db
files15,vllm.py,10447,1767535762,4cdef2170c9e6866a6bfd9098e447129c7366ecb778e5ea440ed62f15575b52a
files15,pretrain_robust.py,37913,1767535762,00432468e5123238d9027556839b9e0afffaff1fc5b7e006b7e7c719dd093b94
files15,tune_af_threshold.py,9950,1767535762,93a978344e6b65d34a123c8e5faf78fe35fbaa0a25156d239517100314e9dee5
files15,af.py,9155,1767535762,ed8a88e0840ec464b70f25ed43ee6e9add4af7314102e0a1ad75dd1411c55709
files15,transformers.py,9115,1767535762,99e6b9e1b2b2fc1d8240a979b50cbe364a6724fd9289ba63ae370a0f9e6922a9
files15,pretrain_gemma3.py,6328,1767535762,c522fa2ad1d4c6c725dca8e38af5304224386674a8ee9954063ff8c81ebd758a
files15,debug_aag.py,4265,1767535762,4a5eae0c72cd7d55daab0bd54507d99eb87053d40cb7d365125ef63dbaf9763e
files15,aase_server_simple.py,11221,1767535762,afc9d4c8d8a1bdc86c7aaeac1c9d66d8605b31985a8607e4928d2dc7c90c5f24
files15,fix_numpy.sh,568,1767535762,c9541233e85b701542b1d86d64171d628c05cc347a4810fdf0a3fbb7638b3dfb
files15,__init__.py,1663,1767535762,2d144cce6d18311e220d34b42aa8f2b823021a16b736c9dd705cfc6b1165d5d9
files15,retrain_aag_all_models.py,13179,1767535762,b5ed3868f769a600eed43353d90d26de7173594438678aa5322a7090d693ccb2
files15,retrain_af_expanded.py,21877,1767535762,4bef58154aa680f4d24922f7becf847504ddbfe1dd91eff85e56f1ad1df412db
files15,calibrate_model.py,23872,1767535762,968136d338f38fcd81a6dee3f4cfbff237186b85a3f9c7ae0b095905352c53df
files15,README.md,6179,1767535762,fbe604c92cf02fd234d54f06380fd8fcab2480a82a5e6d46b75ebf8b8777ed25
files15,generate_pretrained.py,17121,1767535762,6e9feac08943915236f9df07a418b9acb474e4f6f3ae940a50c1dd32e6f01faa
files15,setup.py,1942,1767535762,f7e1a97bb6adab75aefbf02519d88ede991d969c5a8b22f377ece1e028eedfba
files15,extraction.py,18061,1767535762,922236292c023f32dad3664fbfbb077fb93ea072e8b4faee543a08a0204344b8
files15,pretrain_batch.py,6361,1767535762,5937987624e51d0bf180b5ccd00ba70070a74dbbdc334a8ad3c24e5f807c30e1
files15,test_vllm_hooks_minimal.py,6713,1767535762,3ccced5838866f545e1beb1666d6c10b5eb800706a2ae565174766979feafc83
files15,eval_harmbench.py,18636,1767535762,1cfcbef00d1f1faa76d4007e98eb6765161b3f4b5425002cdc7c2cfea5dda22b
files15,stack.py,10442,1767535762,406f194ca4dc38c0dd218a8f6859a4d85fbc18bfb45828442ed19e63af0253b9
files15,probe.py,15902,1767535762,e3cbff03cbebf14f04717bc2eb3ea0a0126af5d3eeda16fa7be56df6f3ce23e0
files15,test_llmd_local.py,17755,1767535762,86f4e7802bb58e3437408c765540e055b1c6adff373eef1d72e760280238a90b
files15,aase_complete.zip,90743,1767535762,e8eccf75a2d9ea6980c1877e80af178349685778859ab00914d63d5acc6052bc
files15,tune_llama_thresholds.py,16187,1767535762,44cb101eaccb0371835df452e60fbc7abeb921329695012715126bade90d5ce9
files15,test_llama_load.py,1578,1767535762,f552d1f74dc91297cbcab4f1713f5455213c8d12a0b139cebf713fcd26275c89
files15,check_llama_paths.py,1423,1767535762,34e1349d4df9cf55b86ed0812679d13f82ca10eb6f99fb823d18a15ed035f2c8
files15,tune_all_thresholds.py,12549,1767535762,15b6e9284341165c015e873b6d40b6b71dc77b946a341a8da8a95dbd80be2bf9
files15,tune_aag_threshold.py,8686,1767535762,55d083b96b0b0689a458bc943a1110bbd3a93e84abbe4d88fe9b75a4849782fd
files15,aase_llmd_entrypoint.py,19600,1767535762,b741c63fdd61e16db09cc7213376220a0f0cb72067c8c3ac97ad2a58ba58effb
files15,pretrain_gemma3_fixed.py,15040,1767535762,df27204b40cd5210898cfe6bc5a269e60c463e22a4431ae0c9c47a6cfcd31f36
files15,fix_gemma3_thresholds.py,1950,1767535762,73cb18c4ebbc9a77f1ff294812209a59d613903a81204c3bdb0cf13d2005433f
files15,tune_thresholds_batch.py,10451,1767535762,3d976738e82c781f008e31326a1545fb8a2d728758070810b4c2a4a29e5a6897
files15,aase_server_transformers.py,11207,1767535762,d4348284db2b3b7da008ac3567510689ff442b32065e59f24cd7db6b6aed8acb
files15,apc.py,13477,1767535762,b8d85e8a565d9a4267f0378788625931e939be1d78db0c272265e0a55780ac80
files15,recalibrate_v2.py,9663,1767535762,0ecd65868b7b91d88dc7f3e418c5ff8d392c8cf265774206578b703d0bbe7953
files15,llmd.py,15824,1767535762,107cd80a2d1cb9f42b1c4810b6243648d2bdc19f513ce9b818c78b55ce8eb6c4
files15,probe_llmd.py,16455,1767535762,e339b85df1f2ba357301266fc12ee4ac2433665baf89ac2e49754ac9ef88cdcc
files15,ahd.py,1186,1767535762,5cc0f495a14df71830747c8d9efcb5ca896858e5554b8cf4fef920986075a2d7
files15,package_release.py,18292,1767535762,8bc83dc72b7182973d502ca96da4b474b0b3beb58f69b3ef7849271b36aac260
files15,debug_injecagent.py,6171,1767535762,4581d0e186dd8e44f821b603587b5f0aa939b3539787b4f0f4a864ea3700b2cf
files15,aase_server_v2.py,11157,1767535762,5f74b82d2f8e09c995a8c084aeb1451b0fae217be5e18758d7aaed64a17d79c3
files15,test_aase_llmd.py,14760,1767535762,cfa25123ddba7b4878010a9f26256b499cf9a94c8b6923c134ebee0c16a452d8
files15,recalibrate_probes.py,9238,1767535762,d73a06e88ebff9c8f48f404fdae422c847166f1a61a6120534a795b10b9712e4
files15,aag.py,10370,1767535762,f996d50327eb153a6cc9454c15a9620f8ca4029b20564f3f407cba79219be50f
files15,mnt/user-data/outputs/aase/probes/__init__.py,237,1767535762,601f29d59c5548b4687e92df63681dadde90f26bc0b9d52109156dc132b926dc
files15,mnt/user-data/outputs/aase/core/__init__.py,875,1767535762,74b33615d0aee64fa536ded33cee783991ebd72723bcc72320716073e22f921d
files15,mnt/user-data/outputs/aase/tests/__init__.py,22,1767535762,1a997de7e3cb252970ff38ace1a8d4a315a9b983800e3afb91624c0fa84da17a
files15,mnt/user-data/outputs/aase/integrations/__init__.py,2162,1767535762,49ca88faf2a6b27486ef0ac2a42d191d9b01461819f4588bcdac6fd1609a3b8f
files15,mnt/user-data/outputs/aase/scripts/__init__.py,0,1767535762,e3b0c44298fc1c149afbf4c8996fb92427ae41e4649b934ca495991b7852b855
files15,mnt/user-data/outputs/aase/pretrained/README.md,1668,1767535762,53e34c2ae15ef93b4c2ace4ad65cf4c5552ccbc3a3162b7f2966d801fdc4f0ff
vllm011,__init__.py,1150,1767516310,c44239170467cd8d414740671016907eec92eb6c8f04782724f416049ee7d1ac
vllm011,README.md,6316,1767516296,d09b8d79d7e603822c8d49cb522779d8f4e3921c1cc3a869dc568abcef57fc0f
vllm011,setup.py,1434,1767565772,3a2041e59c44ee412d10854fa701ba3e728ce80056d09213a28945b1c39f5d0f
vllm011,pretrained.zip,413043,1767904796,10d04e1e210d85472316fa9b325d42e578b31823cefa60cccd94250a6dca2291
vllm011,core/vector.py,9699,1767492998,208d46ab0abce41bf8bdefaada60f7398463d7090d0a36cf581bab142477e555
vllm011,core/__init__.py,875,1767493005,74b33615d0aee64fa536ded33cee783991ebd72723bcc72320716073e22f921d
vllm011,core/extraction.py,18061,1767492964,922236292c023f32dad3664fbfbb077fb93ea072e8b4faee543a08a0204344b8
vllm011,core/probe.py,15902,1767492901,e3cbff03cbebf14f04717bc2eb3ea0a0126af5d3eeda16fa7be56df6f3ce23e0
vllm011,integrations/vllm.py,18091,1767516232,3210b65273a2966eec4c1151e7ab9e7cf001b03519a458dc6f43b440067eef34
vllm011,integrations/__init__.py,347,1767514734,eb220bebafe15c0c8158dfebf319cf2792a91bfc7f1e0275f1c8a7446d738043
vllm011,scripts/train_probes_vllm.py,29074,1767515364,c81b0657c7461992d8539e67fa72c74242680d764441daaeb4bb7cc1f39a0239
vllm011,scripts/test_vllm_hooks.py,8677,1767495069,51cb178363c9e4c7cc4d03a7cd0f980ee50a86cf1a5014945efe39c982b79897
vllm011,scripts/compare_llama_guard_vllm.py,9553,1767512763,17d028f045b50fea316c065b890268c019372f7da2099086b90e88c292c2410c
vllm011,scripts/generate_roc_curves_vllm.py,11567,1767512730,288df4e83bf5f3a10768c2d600a5242d624263910f95710b0701b6cf9f7cc6d1
vllm011,scripts/__init__.py,0,1767494238,e3b0c44298fc1c149afbf4c8996fb92427ae41e4649b934ca495991b7852b855
vllm011,scripts/benchmark_vllm.py,23909,1767512050,e2b33bc3be40a1754b5ba1ccbe8bc7cb4daee02d153625a1b9e6216424ee5dc7
vllm011,scripts/tune_thresholds_vllm.py,9501,1767512801,ebca4a4da95cd3cf9f35a087f6f89378bbc0c45e2c1651bcff7b786457f58f22
vllm011,pretrained/README.md,1668,1767493654,53e34c2ae15ef93b4c2ace4ad65cf4c5552ccbc3a3162b7f2966d801fdc4f0ff
vllm011,pretrained/apc/financial/meta_llama_Llama_3.2_1B_Instruct.npy,8320,1767516943,2811e0303d3e8a9e44e564dfe4bea803c9a7e2e6f629a0626e17f2c79ce9cd62
vllm011,pretrained/apc/financial/google_gemma_2_2b_it.json,383,1767516943,241ebcf578fa2c6503c4a2fa84c155c14e7f3dcc53068ca532031c3bf1da3c0f
vllm011,pretrained/apc/financial/google_gemma_2_9b_it.json,386,1767561417,745d102f37c1cbc79736207fac812b49b903ea66572e55b6184b18adffa93567
vllm011,pretrained/apc/financial/google_gemma_3_1b_it.json,382,1767516943,d89eb8bf7fc9106f6940697fcddc056e6fa70fb9d56b6ead4dbe2a56c74a6cd0
vllm011,pretrained/apc/financial/meta_llama_Llama_3.2_3B_Instruct.json,396,1767516943,dfd42a3c4fc0493e940f608a22158b03f7a47cc91e4dc3532f1016ce7f82b6d4
vllm011,pretrained/apc/financial/google_gemma_3_4b_it.npy,10368,1767516943,d5a1a275a21aad5ad643be4da4209e865b15dcd722535a09e11298887dcc2cdc
vllm011,pretrained/apc/financial/meta_llama_Llama_3.2_1B_Instruct.json,396,1767516943,ad38d2d265c97e1653c4a2cf868ec4c5ecb5484a8f8edcc2a7a05bf24db70800
vllm011,pretrained/apc/financial/meta_llama_Llama_3.1_8B_Instruct.json,395,1767516943,906bd9a7510d04e46b1196c9117c97bb8d3b191f38b3a256ca7d8b8d2af61e72
vllm011,pretrained/apc/financial/google_gemma_2_9b_it.npy,14464,1767561417,0743ff2bcb1d7771b6de5d1a3b47fdead68a4129ed9af03db239d60bb450b66a
vllm011,pretrained/apc/financial/google_gemma_3_1b_it.npy,4736,1767516943,aa3cf29153bb2d31fdfca13eb6fec1370c35bc8356a1234ffaec583906ff506d
vllm011,pretrained/apc/financial/google_gemma_3_4b_it.json,399,1767516943,8a8b7050471b361377d83043be5663bc96b02c4a210bc7fe9397249d938ab846
vllm011,pretrained/apc/financial/google_gemma_2_2b_it.npy,9344,1767516943,9fcba22cb9f279d4175eab38cd1a5bebe699c3f082def33f03e14437304c8a4b
vllm011,pretrained/apc/financial/meta_llama_Llama_3.2_3B_Instruct.npy,12416,1767516943,1ef8024d7e160fe34f4096ada1ebc30b8c19ee9dcf3116059310764c588bf476
vllm011,pretrained/apc/financial/meta_llama_Llama_3.1_8B_Instruct.npy,16512,1767516943,21d6ec8116d161cc9dfd1e6deb6d45eedf7c573b64fa403112661e7a1d2680b5
vllm011,pretrained/apc/medical/meta_llama_Llama_3.2_1B_Instruct.npy,8320,1767516943,6a5737556097d3c9e743b87fd0794b0adf82073ce00c01629d84d65ed05be6ab
vllm011,pretrained/apc/medical/google_gemma_2_2b_it.json,380,1767516943,f498eee60c6a839c453e5cc2183f445015fc398a0255e91de944f1ce483750f5
vllm011,pretrained/apc/medical/google_gemma_2_9b_it.json,382,1767561415,99fbc824cd0ccab41cce316da6dad80b4e7cf237c306c34149297f546ff417cb
vllm011,pretrained/apc/medical/google_gemma_3_1b_it.json,381,1767516943,3012d4fe8825ec68cef7d1d77cee42b031bf09f3f3b4c50d454699db005a0656
vllm011,pretrained/apc/medical/meta_llama_Llama_3.2_3B_Instruct.json,392,1767516943,5947f1cf095cc1b18966a2638b87994b2a2283e0f3a4da55257135fdf40a8f01
vllm011,pretrained/apc/medical/google_gemma_3_4b_it.npy,10368,1767516943,1856cfe116b9c544d5b51d3770e5262749f4e548576fe96b4fc4a0492011ff4d
vllm011,pretrained/apc/medical/meta_llama_Llama_3.2_1B_Instruct.json,392,1767516943,2213da5c5fac0519de75a683cd54fbfddee2e868a26a4e6ead52f1815df28931
vllm011,pretrained/apc/medical/meta_llama_Llama_3.1_8B_Instruct.json,395,1767516943,5cd34594765a8f7e2ff3cec78b68a18fa2346d352c0389eef389a273bc6d89f9
vllm011,pretrained/apc/medical/google_gemma_2_9b_it.npy,14464,1767561415,4add5ad45601e37a50b417d572cc66138a2628b5e3fd15c986fced45a8c7304f
vllm011,pretrained/apc/medical/google_gemma_3_1b_it.npy,4736,1767516943,278d4c4c5f7ed6f807da32e3b6e09d53c6d2fdac1f2b0b478b3cc9023b0c771c
vllm011,pretrained/apc/medical/google_gemma_3_4b_it.json,413,1767516943,8def4d287667e47b027d19454ac2a8d888c988fbacdcf60d9e5958357a81cf3a
vllm011,pretrained/apc/medical/google_gemma_2_2b_it.npy,9344,1767516943,894998531e5be8d5fdf2df5ab92c513324e5207581680b1b9cfc39d53071dbc7
vllm011,pretrained/apc/medical/meta_llama_Llama_3.2_3B_Instruct.npy,12416,1767516943,a5c958436507eb420b992b119f30062154483f59b525af3368fbd7b300010bec
vllm011,pretrained/apc/medical/meta_llama_Llama_3.1_8B_Instruct.npy,16512,1767516943,f06aa3508a8eb29acfbbdaad6bacc07d9a1b6e1884c3d9d2bc0132a42a7aa18d
vllm011,pretrained/apc/legal/meta_llama_Llama_3.2_1B_Instruct.npy,8320,1767516943,75c418350b45e5a0e094ff303525ffa17c7b6c459e10df841686275c8a550090
vllm011,pretrained/apc/legal/google_gemma_2_2b_it.json,379,1767516943,1d6c96f616709d3545c1e848b4018cd4f4710f3a80cab7230e86dc668b5c244f
vllm011,pretrained/apc/legal/google_gemma_2_9b_it.json,379,1767561418,aef11b62fe993ede887c48e1feb3b622d587ddc7fed5f9e9022bb0ebd9a8c837
vllm011,pretrained/apc/legal/google_gemma_3_1b_it.json,409,1767516943,312a4bf0eae5f70d266923649899ed5c5f3090dad1534609b32b1ffbd422a8c1
vllm011,pretrained/apc/legal/meta_llama_Llama_3.2_3B_Instruct.json,391,1767516943,72691d15ef497250e2e5582af5995894cff7fbe5dbf22704979ef0bff187ede4
vllm011,pretrained/apc/legal/google_gemma_3_4b_it.npy,10368,1767516943,6beb42f068cb3fa60fba64d57c5803153df662ac7e8b504048cd2af03c1b26f3
vllm011,pretrained/apc/legal/meta_llama_Llama_3.2_1B_Instruct.json,391,1767516943,efde99ac92966034686c602d5bcda25d14c4c8a88497d0a4244f9fc84a3a0c8d
vllm011,pretrained/apc/legal/meta_llama_Llama_3.1_8B_Instruct.json,391,1767516943,17e9631d5dc7cac56eaf2620d46c3f142bd8b41048eb52ab8f90264b1a56c6da
vllm011,pretrained/apc/legal/google_gemma_2_9b_it.npy,14464,1767561418,1444332dc5242da4250d7017a0190c67ab0ebf462fa23acb88fd6d2f9d2ac18b
vllm011,pretrained/apc/legal/google_gemma_3_1b_it.npy,4736,1767516943,ce36b4a8494a46691330b32087c05dd70fa7a6a8dbaf99af8e383fd55049577f
vllm011,pretrained/apc/legal/google_gemma_3_4b_it.json,405,1767516943,7065482deed462e9ec585f5480109b5a421471659c73655071a257aa04b3fd58
vllm011,pretrained/apc/legal/google_gemma_2_2b_it.npy,9344,1767516943,e785b52b0d93117371b0d3785521df76e8f2def6bb390dc264c00b284f4fc62d
vllm011,pretrained/apc/legal/meta_llama_Llama_3.2_3B_Instruct.npy,12416,1767516943,ddb16477d2d88c150a5a515f9f8e3435c7fd62035e3adeaa3175044c8b906496
vllm011,pretrained/apc/legal/meta_llama_Llama_3.1_8B_Instruct.npy,16512,1767516943,6e9f4870285c7a42e9cd35210254458b42359b7defa805a9115e12deeb073556
vllm011,pretrained/aag/meta_llama_Llama_3.2_1B_Instruct.npy,8320,1767516784,828fefb7ad1db8d605abadf0f7ab1745d05824491b20dc523fe24a787462b2f1
vllm011,pretrained/aag/google_gemma_2_2b_it.json,373,1767516784,6dbdd6c2541c7e7bba07dc89a7bca17e4d56930da626c8110fbf8f3598427943
vllm011,pretrained/aag/google_gemma_2_9b_it.json,373,1767561413,1757b29ee7b67651b2c29e8064f83418de1b2ce46c9796669a7876ee630d57f9
vllm011,pretrained/aag/google_gemma_3_1b_it.json,385,1767516784,380bb0c7f4c2c64e344f8aa4c1df52c469b35257dba445345446875935288712
vllm011,pretrained/aag/meta_llama_Llama_3.2_3B_Instruct.json,383,1767516784,286ebd8331e3e440afbc26a8a053a42c3986b0131012a0d99e83a62200ba6d9a
vllm011,pretrained/aag/google_gemma_3_4b_it.npy,10368,1767516784,448e0bc278cc8778c25a5936f868aa698c524c2766298f72a29609d7d8d330d2
vllm011,pretrained/aag/meta_llama_Llama_3.2_1B_Instruct.json,369,1767516784,206740826300a77bee448a6093901c8e5606e8e6cfad97ddb51d80810b5a0f92
vllm011,pretrained/aag/meta_llama_Llama_3.1_8B_Instruct.json,375,1767516784,bff48da5a6c5b25fcefe7ca18adc934d7506b22dafa8a1542e33d6471ea847d4
vllm011,pretrained/aag/google_gemma_2_9b_it.npy,14464,1767561413,2f88475981c032c4fc0ae6dc45f4a6291384735e148c6898a39e8f65f793d0e6
vllm011,pretrained/aag/google_gemma_3_1b_it.npy,4736,1767516784,29c5a2a38354f57731d7f46b38cd059dd046c6c514619d502c537ca31c857a97
vllm011,pretrained/aag/google_gemma_3_4b_it.json,378,1767516784,d14bb3f2842255a05f620f815c1ca058aa336b17a9f58afca7b873ced87e198c
vllm011,pretrained/aag/google_gemma_2_2b_it.npy,9344,1767516784,51cac928d09fadf06e88a901c8bcf0bd9a837250280aa7f6dfad2586d19eaa68
vllm011,pretrained/aag/meta_llama_Llama_3.2_3B_Instruct.npy,12416,1767516784,62baead10726c5ea2c350c0bfb9a820f434ebff5bb7d488ba095ee7bff8c1d1c
vllm011,pretrained/aag/meta_llama_Llama_3.1_8B_Instruct.npy,16512,1767516784,d7d50588c74fa9dc4154560895100e2547ec9e0a1ba15b94322c3b76c1890ee0
vllm011,pretrained/af/meta_llama_Llama_3.2_1B_Instruct.npy,8320,1767516779,fe59db6c0647362313de29c0e2a598acaef53d6ebc9df7420e05598e845d1812
vllm011,pretrained/af/google_gemma_2_2b_it.json,358,1767516779,50da706b43a9d2526cb019064ed49684435e6af835701c5579ce5d324dded7f1
vllm011,pretrained/af/google_gemma_2_9b_it.json,358,1767561405,706375b1c38dbcd9c7c50e21379a232620a860798adf2331a705118e73533e5f
vllm011,pretrained/af/google_gemma_3_1b_it.json,357,1767516779,fc5ff9f64870d4cdc1d42ccf38949d794fd2d899da3afac546e13298790a1b3c
vllm011,pretrained/af/meta_llama_Llama_3.2_3B_Instruct.json,374,1767516779,12d8febd846993ca1e24029c0cb9ce366b20e20a82ef7533fdcb5bf837062dac
vllm011,pretrained/af/google_gemma_3_4b_it.npy,10368,1767516779,c1ac571d6ae00412b40d43ab050ecb5ce4318ec8e7e1cc6061a5896ed3526df6
vllm011,pretrained/af/meta_llama_Llama_3.2_1B_Instruct.json,371,1767516779,f0e5fc0012b09b9752ef3fddd3ea6b589c9f8e14318ac5e36540231be6413c28
vllm011,pretrained/af/meta_llama_Llama_3.1_8B_Instruct.json,370,1767516779,a8d0aa46c0cd7b84878c7ade0c798e885f20c59ee4177732efe3d8175376b8ff
vllm011,pretrained/af/google_gemma_2_9b_it.npy,14464,1767561405,92ff6c6d557694ae5e598ee8a37b8a9bd2c4f2f9a4388a962dae8b83fd2c6b16
vllm011,pretrained/af/google_gemma_3_1b_it.npy,4736,1767516779,679e4800f6acc2bc91aac8cc9b3620e999c992a4a4b1d1593ad501ea38859f2d
vllm011,pretrained/af/google_gemma_3_4b_it.json,358,1767516779,5bde07495930258438c653e7029a630e5f753f9ea3fa164fb11817bc1930190f
vllm011,pretrained/af/google_gemma_2_2b_it.npy,9344,1767516779,ba771eaa269e246eac549aec981fc9d819c4e696e3980d95d552b3491440c677
vllm011,pretrained/af/meta_llama_Llama_3.2_3B_Instruct.npy,12416,1767516779,628770abbef02b7565a590d0bf61a53790e7e10b61fed43bafd2489dc154ba19
vllm011,pretrained/af/meta_llama_Llama_3.1_8B_Instruct.npy,16512,1767516779,e8222e12efdcc34e3952fe7de857b33cd49286912cafee64e4e95acb8c34c09c
aase2,__init__.py,1150,1767516310,c44239170467cd8d414740671016907eec92eb6c8f04782724f416049ee7d1ac
aase2,roc_curves_vllm.png,221697,1767564963,9495c5ad8d55ce0d73a1ca057b6a30697972f9c36e843b81a6efaa151be134f7
aase2,roc_curves_vllm.pdf,21145,1767564954,7442cd67e256dcf0ec5269f389cdd343481508dd4d4589e319246ff49c0eb618
aase2,README.md,6316,1767516296,d09b8d79d7e603822c8d49cb522779d8f4e3921c1cc3a869dc568abcef57fc0f
aase2,setup.py,1434,1767514700,2fb654c4e57594bea790dec94fe5654799c7613cf682a966e647450258dcdd29
aase2,roc_curves_vllm_data.json,89024,1767564971,a513b092a31e0dee8ebd73c8b4b0e1b58db5dee89c7bc2629e2e3ecfb50914df
aase2,pretrained.zip,379128,1767565727,8e453ce42cff748da12c30ee3049a367831bf80e08ddca435cc0c5612a674f8d
aase2,gemma-2-9b-probes.tar.gz,67914,1767565264,acbb8001e2b90680eb4461ac296b582c0141c7f4ec747085c6544eaa9fb6ecec
aase2,core/vector.py,9699,1767492998,208d46ab0abce41bf8bdefaada60f7398463d7090d0a36cf581bab142477e555
aase2,core/__init__.py,875,1767493005,74b33615d0aee64fa536ded33cee783991ebd72723bcc72320716073e22f921d
aase2,core/extraction.py,18061,1767492964,922236292c023f32dad3664fbfbb077fb93ea072e8b4faee543a08a0204344b8
aase2,core/probe.py,15902,1767492901,e3cbff03cbebf14f04717bc2eb3ea0a0126af5d3eeda16fa7be56df6f3ce23e0
aase2,integrations/vllm.py,18091,1767516232,3210b65273a2966eec4c1151e7ab9e7cf001b03519a458dc6f43b440067eef34
aase2,integrations/__init__.py,347,1767514734,eb220bebafe15c0c8158dfebf319cf2792a91bfc7f1e0275f1c8a7446d738043
aase2,scripts/train_probes_vllm.py,29074,1767515364,c81b0657c7461992d8539e67fa72c74242680d764441daaeb4bb7cc1f39a0239
aase2,scripts/test_vllm_hooks.py,8677,1767495069,51cb178363c9e4c7cc4d03a7cd0f980ee50a86cf1a5014945efe39c982b79897
aase2,scripts/compare_llama_guard_vllm.py,9553,1767512763,17d028f045b50fea316c065b890268c019372f7da2099086b90e88c292c2410c
aase2,scripts/generate_roc_curves_vllm.py,19814,1767564635,36947def8364b887e7007ddb463d588746fa6ef6190c00d6fbd432da50289bd5
aase2,scripts/__init__.py,0,1767494238,e3b0c44298fc1c149afbf4c8996fb92427ae41e4649b934ca495991b7852b855
aase2,scripts/benchmark_vllm.py,23909,1767512050,e2b33bc3be40a1754b5ba1ccbe8bc7cb4daee02d153625a1b9e6216424ee5dc7
aase2,scripts/tune_thresholds_vllm.py,9501,1767512801,ebca4a4da95cd3cf9f35a087f6f89378bbc0c45e2c1651bcff7b786457f58f22
aase2,pretrained/README.md,1668,1767493654,53e34c2ae15ef93b4c2ace4ad65cf4c5552ccbc3a3162b7f2966d801fdc4f0ff
aase2,pretrained/apc/financial/meta_llama_Llama_3.2_1B_Instruct.npy,8320,1767516943,2811e0303d3e8a9e44e564dfe4bea803c9a7e2e6f629a0626e17f2c79ce9cd62
aase2,pretrained/apc/financial/google_gemma_2_2b_it.json,383,1767516943,241ebcf578fa2c6503c4a2fa84c155c14e7f3dcc53068ca532031c3bf1da3c0f
aase2,pretrained/apc/financial/google_gemma_2_9b_it.json,386,1767561417,745d102f37c1cbc79736207fac812b49b903ea66572e55b6184b18adffa93567
aase2,pretrained/apc/financial/google_gemma_3_1b_it.json,382,1767516943,d89eb8bf7fc9106f6940697fcddc056e6fa70fb9d56b6ead4dbe2a56c74a6cd0
aase2,pretrained/apc/financial/meta_llama_Llama_3.2_3B_Instruct.json,396,1767516943,dfd42a3c4fc0493e940f608a22158b03f7a47cc91e4dc3532f1016ce7f82b6d4
aase2,pretrained/apc/financial/google_gemma_3_4b_it.npy,10368,1767516943,d5a1a275a21aad5ad643be4da4209e865b15dcd722535a09e11298887dcc2cdc
aase2,pretrained/apc/financial/meta_llama_Llama_3.2_1B_Instruct.json,396,1767516943,ad38d2d265c97e1653c4a2cf868ec4c5ecb5484a8f8edcc2a7a05bf24db70800
aase2,pretrained/apc/financial/meta_llama_Llama_3.1_8B_Instruct.json,395,1767516943,906bd9a7510d04e46b1196c9117c97bb8d3b191f38b3a256ca7d8b8d2af61e72
aase2,pretrained/apc/financial/google_gemma_2_9b_it.npy,14464,1767561417,0743ff2bcb1d7771b6de5d1a3b47fdead68a4129ed9af03db239d60bb450b66a
aase2,pretrained/apc/financial/google_gemma_3_1b_it.npy,4736,1767516943,aa3cf29153bb2d31fdfca13eb6fec1370c35bc8356a1234ffaec583906ff506d
aase2,pretrained/apc/financial/google_gemma_3_4b_it.json,399,1767516943,8a8b7050471b361377d83043be5663bc96b02c4a210bc7fe9397249d938ab846
aase2,pretrained/apc/financial/google_gemma_2_2b_it.npy,9344,1767516943,9fcba22cb9f279d4175eab38cd1a5bebe699c3f082def33f03e14437304c8a4b
aase2,pretrained/apc/financial/meta_llama_Llama_3.2_3B_Instruct.npy,12416,1767516943,1ef8024d7e160fe34f4096ada1ebc30b8c19ee9dcf3116059310764c588bf476
aase2,pretrained/apc/financial/meta_llama_Llama_3.1_8B_Instruct.npy,16512,1767516943,21d6ec8116d161cc9dfd1e6deb6d45eedf7c573b64fa403112661e7a1d2680b5
aase2,pretrained/apc/medical/meta_llama_Llama_3.2_1B_Instruct.npy,8320,1767516943,6a5737556097d3c9e743b87fd0794b0adf82073ce00c01629d84d65ed05be6ab
aase2,pretrained/apc/medical/google_gemma_2_2b_it.json,380,1767516943,f498eee60c6a839c453e5cc2183f445015fc398a0255e91de944f1ce483750f5
aase2,pretrained/apc/medical/google_gemma_2_9b_it.json,382,1767561415,99fbc824cd0ccab41cce316da6dad80b4e7cf237c306c34149297f546ff417cb
aase2,pretrained/apc/medical/google_gemma_3_1b_it.json,381,1767516943,3012d4fe8825ec68cef7d1d77cee42b031bf09f3f3b4c50d454699db005a0656
aase2,pretrained/apc/medical/meta_llama_Llama_3.2_3B_Instruct.json,392,1767516943,5947f1cf095cc1b18966a2638b87994b2a2283e0f3a4da55257135fdf40a8f01
aase2,pretrained/apc/medical/google_gemma_3_4b_it.npy,10368,1767516943,1856cfe116b9c544d5b51d3770e5262749f4e548576fe96b4fc4a0492011ff4d
aase2,pretrained/apc/medical/meta_llama_Llama_3.2_1B_Instruct.json,392,1767516943,2213da5c5fac0519de75a683cd54fbfddee2e868a26a4e6ead52f1815df28931
aase2,pretrained/apc/medical/meta_llama_Llama_3.1_8B_Instruct.json,395,1767516943,5cd34594765a8f7e2ff3cec78b68a18fa2346d352c0389eef389a273bc6d89f9
aase2,pretrained/apc/medical/google_gemma_2_9b_it.npy,14464,1767561415,4add5ad45601e37a50b417d572cc66138a2628b5e3fd15c986fced45a8c7304f
aase2,pretrained/apc/medical/google_gemma_3_1b_it.npy,4736,1767516943,278d4c4c5f7ed6f807da32e3b6e09d53c6d2fdac1f2b0b478b3cc9023b0c771c
aase2,pretrained/apc/medical/google_gemma_3_4b_it.json,413,1767516943,8def4d287667e47b027d19454ac2a8d888c988fbacdcf60d9e5958357a81cf3a
aase2,pretrained/apc/medical/google_gemma_2_2b_it.npy,9344,1767516943,894998531e5be8d5fdf2df5ab92c513324e5207581680b1b9cfc39d53071dbc7
aase2,pretrained/apc/medical/meta_llama_Llama_3.2_3B_Instruct.npy,12416,1767516943,a5c958436507eb420b992b119f30062154483f59b525af3368fbd7b300010bec
aase2,pretrained/apc/medical/meta_llama_Llama_3.1_8B_Instruct.npy,16512,1767516943,f06aa3508a8eb29acfbbdaad6bacc07d9a1b6e1884c3d9d2bc0132a42a7aa18d
aase2,pretrained/apc/legal/meta_llama_Llama_3.2_1B_Instruct.npy,8320,1767516943,75c418350b45e5a0e094ff303525ffa17c7b6c459e10df841686275c8a550090
aase2,pretrained/apc/legal/google_gemma_2_2b_it.json,379,1767516943,1d6c96f616709d3545c1e848b4018cd4f4710f3a80cab7230e86dc668b5c244f
aase2,pretrained/apc/legal/google_gemma_2_9b_it.json,379,1767561418,aef11b62fe993ede887c48e1feb3b622d587ddc7fed5f9e9022bb0ebd9a8c837
aase2,pretrained/apc/legal/google_gemma_3_1b_it.json,409,1767516943,312a4bf0eae5f70d266923649899ed5c5f3090dad1534609b32b1ffbd422a8c1
aase2,pretrained/apc/legal/meta_llama_Llama_3.2_3B_Instruct.json,391,1767516943,72691d15ef497250e2e5582af5995894cff7fbe5dbf22704979ef0bff187ede4
aase2,pretrained/apc/legal/google_gemma_3_4b_it.npy,10368,1767516943,6beb42f068cb3fa60fba64d57c5803153df662ac7e8b504048cd2af03c1b26f3
aase2,pretrained/apc/legal/meta_llama_Llama_3.2_1B_Instruct.json,391,1767516943,efde99ac92966034686c602d5bcda25d14c4c8a88497d0a4244f9fc84a3a0c8d
aase2,pretrained/apc/legal/meta_llama_Llama_3.1_8B_Instruct.json,391,1767516943,17e9631d5dc7cac56eaf2620d46c3f142bd8b41048eb52ab8f90264b1a56c6da
aase2,pretrained/apc/legal/google_gemma_2_9b_it.npy,14464,1767561418,1444332dc5242da4250d7017a0190c67ab0ebf462fa23acb88fd6d2f9d2ac18b
aase2,pretrained/apc/legal/google_gemma_3_1b_it.npy,4736,1767516943,ce36b4a8494a46691330b32087c05dd70fa7a6a8dbaf99af8e383fd55049577f
aase2,pretrained/apc/legal/google_gemma_3_4b_it.json,405,1767516943,7065482deed462e9ec585f5480109b5a421471659c73655071a257aa04b3fd58
aase2,pretrained/apc/legal/google_gemma_2_2b_it.npy,9344,1767516943,e785b52b0d93117371b0d3785521df76e8f2def6bb390dc264c00b284f4fc62d
aase2,pretrained/apc/legal/meta_llama_Llama_3.2_3B_Instruct.npy,12416,1767516943,ddb16477d2d88c150a5a515f9f8e3435c7fd62035e3adeaa3175044c8b906496
aase2,pretrained/apc/legal/meta_llama_Llama_3.1_8B_Instruct.npy,16512,1767516943,6e9f4870285c7a42e9cd35210254458b42359b7defa805a9115e12deeb073556
aase2,pretrained/aag/meta_llama_Llama_3.2_1B_Instruct.npy,8320,1767516784,828fefb7ad1db8d605abadf0f7ab1745d05824491b20dc523fe24a787462b2f1
aase2,pretrained/aag/google_gemma_2_2b_it.json,373,1767516784,6dbdd6c2541c7e7bba07dc89a7bca17e4d56930da626c8110fbf8f3598427943
aase2,pretrained/aag/google_gemma_2_9b_it.json,373,1767561413,1757b29ee7b67651b2c29e8064f83418de1b2ce46c9796669a7876ee630d57f9
aase2,pretrained/aag/google_gemma_3_1b_it.json,385,1767516784,380bb0c7f4c2c64e344f8aa4c1df52c469b35257dba445345446875935288712
aase2,pretrained/aag/meta_llama_Llama_3.2_3B_Instruct.json,383,1767516784,286ebd8331e3e440afbc26a8a053a42c3986b0131012a0d99e83a62200ba6d9a
aase2,pretrained/aag/google_gemma_3_4b_it.npy,10368,1767516784,448e0bc278cc8778c25a5936f868aa698c524c2766298f72a29609d7d8d330d2
aase2,pretrained/aag/meta_llama_Llama_3.2_1B_Instruct.json,369,1767516784,206740826300a77bee448a6093901c8e5606e8e6cfad97ddb51d80810b5a0f92
aase2,pretrained/aag/meta_llama_Llama_3.1_8B_Instruct.json,375,1767516784,bff48da5a6c5b25fcefe7ca18adc934d7506b22dafa8a1542e33d6471ea847d4
aase2,pretrained/aag/google_gemma_2_9b_it.npy,14464,1767561413,2f88475981c032c4fc0ae6dc45f4a6291384735e148c6898a39e8f65f793d0e6
aase2,pretrained/aag/google_gemma_3_1b_it.npy,4736,1767516784,29c5a2a38354f57731d7f46b38cd059dd046c6c514619d502c537ca31c857a97
aase2,pretrained/aag/google_gemma_3_4b_it.json,378,1767516784,d14bb3f2842255a05f620f815c1ca058aa336b17a9f58afca7b873ced87e198c
aase2,pretrained/aag/google_gemma_2_2b_it.npy,9344,1767516784,51cac928d09fadf06e88a901c8bcf0bd9a837250280aa7f6dfad2586d19eaa68
aase2,pretrained/aag/meta_llama_Llama_3.2_3B_Instruct.npy,12416,1767516784,62baead10726c5ea2c350c0bfb9a820f434ebff5bb7d488ba095ee7bff8c1d1c
aase2,pretrained/aag/meta_llama_Llama_3.1_8B_Instruct.npy,16512,1767516784,d7d50588c74fa9dc4154560895100e2547ec9e0a1ba15b94322c3b76c1890ee0
aase2,pretrained/af/meta_llama_Llama_3.2_1B_Instruct.npy,8320,1767516779,fe59db6c0647362313de29c0e2a598acaef53d6ebc9df7420e05598e845d1812
aase2,pretrained/af/google_gemma_2_2b_it.json,358,1767516779,50da706b43a9d2526cb019064ed49684435e6af835701c5579ce5d324dded7f1
aase2,pretrained/af/google_gemma_2_9b_it.json,358,1767561405,706375b1c38dbcd9c7c50e21379a232620a860798adf2331a705118e73533e5f
aase2,pretrained/af/google_gemma_3_1b_it.json,357,1767516779,fc5ff9f64870d4cdc1d42ccf38949d794fd2d899da3afac546e13298790a1b3c
aase2,pretrained/af/meta_llama_Llama_3.2_3B_Instruct.json,374,1767516779,12d8febd846993ca1e24029c0cb9ce366b20e20a82ef7533fdcb5bf837062dac
aase2,pretrained/af/google_gemma_3_4b_it.npy,10368,1767516779,c1ac571d6ae00412b40d43ab050ecb5ce4318ec8e7e1cc6061a5896ed3526df6
aase2,pretrained/af/meta_llama_Llama_3.2_1B_Instruct.json,371,1767516779,f0e5fc0012b09b9752ef3fddd3ea6b589c9f8e14318ac5e36540231be6413c28
aase2,pretrained/af/meta_llama_Llama_3.1_8B_Instruct.json,370,1767516779,a8d0aa46c0cd7b84878c7ade0c798e885f20c59ee4177732efe3d8175376b8ff
aase2,pretrained/af/google_gemma_2_9b_it.npy,14464,1767561405,92ff6c6d557694ae5e598ee8a37b8a9bd2c4f2f9a4388a962dae8b83fd2c6b16
aase2,pretrained/af/google_gemma_3_1b_it.npy,4736,1767516779,679e4800f6acc2bc91aac8cc9b3620e999c992a4a4b1d1593ad501ea38859f2d
aase2,pretrained/af/google_gemma_3_4b_it.json,358,1767516779,5bde07495930258438c653e7029a630e5f753f9ea3fa164fb11817bc1930190f
aase2,pretrained/af/google_gemma_2_2b_it.npy,9344,1767516779,ba771eaa269e246eac549aec981fc9d819c4e696e3980d95d552b3491440c677
aase2,pretrained/af/meta_llama_Llama_3.2_3B_Instruct.npy,12416,1767516779,628770abbef02b7565a590d0bf61a53790e7e10b61fed43bafd2489dc154ba19
aase2,pretrained/af/meta_llama_Llama_3.1_8B_Instruct.npy,16512,1767516779,e8222e12efdcc34e3952fe7de857b33cd49286912cafee64e4e95acb8c34c09c
loose,aase_demo.ipynb,125609,1767905098,52861793860f33f8947b262a32961c3cccea98d3f0096601c9bcd09370ef5d4f
loose,aase_demo_v2.ipynb,112078,1767906803,c7178318e952ff67ddd31e175f016aad9ccd2c72739cffae6618359fc2ced6b6
loose,aase_demo_v3.ipynb,108805,1767908097,7208f02475999b0231416dc1a3d7af988ed2a48fd7503cb61de7275f3e881241
loose,af_benchmark_ailuminate.py,30220,1766744470,6293522a1fb8810740b0502a967c1ca1ecf38b24833cbc25fead52ec5c9e1163
loose,af_benchmark_category.py,45778,1766895865,50c9d2f4bbc207cbc215bdc3711b02859271e02fb335ed9ca4491c32cdbaed85
loose,af_benchmark_category_v2.py,79462,1766907842,007a1fd5fd865ef426c90098c705cd7623e6c30e07275d9a504fd5349724631d
loose,af_benchmark_e2e.py,44864,1766744461,689ce8e5018493af4128d86c96223ea585cf15e231adf8038884749990694f01
loose,af_benchmark_three_way.py,44141,1766742629,74435b69d6734d689b8848d5343bff023ab90a72410d92cf8d1bba80141ce467
loose,af_generate_gemma_vectors.py,58920,1766963219,14a80d18a56d2b317df21c77bf9d7b9d74830a65c34dbd281a870c083bba64aa
loose,af_obfuscation_tuning.py,19216,1766907330,984fad45101f2a51f1fd79f6b2607d497d31adc7ba74b404e15cf52433431a5d
loose,af_small_model_validation.py,20398,1766907332,6c41b2c0fd09bdd7b387e25a80b964a49ea1507c4ffbdf12f67dec618773b9a6
loose,af_vector_packaging.py,21568,1766907333,b895d81bab0a52fbca74eeae7f686d366d6dc6bedaa7ce758623c8e61a7a4fd9
loose,af_vllm_diagnostic (1).py,11463,1767488511,79ab185dece3a733005627ef55860f6389a7529b3b3821a506f4035154438277
loose,af_vllm_diagnostic.py,10049,1767488318,28f9f346821abf3cc927def81577a2ce7483d40c942d447d6e1071a250ee866e
loose,af_vllm_integration.py,19821,1767487823,c9f771a1e429aa578fe33258b83470d65d12e2834229bb4db11c90a022203f8f
loose,agent_gating_poc_v2.py,27693,1767066638,b4093a4a4551ced2cb701a7bab9afdcc0d68b6182ec2fdce8bc9f40374f334e4
loose,agent_gating_poc_v5.py,55510,1767068031,b09d33f4b2d10609f676f75d71eed362b1fc307792b0d780a6a9e2f986a891b0
loose,ahd_confidence_wrapper (1).py,18983,1767323578,e3a12c5a0db21ce966f63ef600df92c3fb07c921afa034f52221d7481d0d3e77
loose,ahd_confidence_wrapper (2).py,19169,1767323705,e03c973961a3960ec365977266461a767264b54770abeeac41d071d451116e3e
loose,ahd_confidence_wrapper.py,18122,1767323408,ea902e9cbe7e06bff9c94172917d4d8f18abc61bae897d75256af3a7b2e99e49
loose,ahd_hard_test.py,22717,1767322962,fa401f91f8586a2a4239054c1c17f5e4342af15b178717e85b5b6ef9fef22231
loose,ahd_layer_sweep_4b.py,9840,1767229360,0a946dd3622b9d42bd49058c0970d39bfbfefdb5876d15cf8f5f44d57e959d0a
loose,ahd_layer_sweep_demo.py,16199,1767294711,11551b73e7de4ee2c75b5bf7e2c70311d05d7a5da2f2a9af5db686fbfb8a4ae0
loose,ahd_layer_sweep_gemma9b (1).py,18810,1767320613,e730a2b006bc306041b4f5ec3086dc661fc2909bf3d9fe6286a77f710cfd47a0
loose,ahd_layer_sweep_gemma9b.py,18778,1767320566,0de292579ee23ff7d3561d5d49037a153348e14a2e55072a7a3e31a32eb2edb2
loose,ahd_realistic_test.py,22196,1767322071,8eb7b3caaa38f5643441782cc18606d53ca21328e7caa2a426baca3a33297815
loose,ahd_realistic_test_v2.py,24102,1767322408,d65d2a02cbc07f660b8d8aed35d0924a61089486797577d224a3ca98eac19ff3
loose,apc_layer_sweep_llama.py,24386,1767305075,7e67f807f1667f9174d1c1800af1312721ec1461e5bd4a1df85ed5632964861d
loose,apc_poc.py,37656,1767067911,1303fa4e17d344f78971b54301df13a0459585a96771d5554506a2f8b264e255
loose,apc_poc_v2.py,50842,1767069036,b8c78f24d4b3f4deeedcb5e13e198721db5a4dacaac99e1d3d9a55bf2b4a3a9f
loose,apc_vllm_validation.py,17950,1767487468,314a33eed3f8815ec94eb9b044afd83b60c6db5896df897d29f7e5fd8a500d61
loose,benchmark_comparison.py,44819,1766453113,00b1c05787937af53b85d72e15e741b97bb9cc7df86adcd94c06a861e75810ff
loose,benchmark_comparison_v2.py,46098,1766453959,ea8ff16894fa83f116a076cd6641aa7d316a29f0edf1b72993c1403e0d213272
loose,benchmark_comparison_v3.py,35998,1766454797,c42533b76ed09393ea362085a8a6f98864331015c9e9faef7ec6ff9b8ce6287a
loose,benchmark_comparison_v4.py,40567,1766455164,5f65396f3fb5cf03565ce97f0c17e785953051e4f83a8029b727ac63bea924ac
loose,benchmark_comparison_v5.py,44525,1766455678,1b52d7df11b77bdef8c3f13a7e94dafcc270008655f44eb7b7ebb5c2222cfd11
loose,benchmark_latency.py,14298,1767508163,e1c59376f495b780fc332a6419e16c27221b3e9c6187ae2f0b9f6e523df980b9
loose,btc_simulation.py,2826,1772113712,42683461bc8b479841eaeeea35e20711dca20c2aeb7cef97c9705401b88cf295
loose,defense_comparison.py,38729,1766457097,cf5953dc4edd5711a32b59b198dbb8dbdc94d0514b4e1608bd8eeb1d4319190b
loose,eval_harmbench.py,18636,1767501607,1cfcbef00d1f1faa76d4007e98eb6765161b3f4b5425002cdc7c2cfea5dda22b
loose,fix_aag_final.py,693,1767498711,60fd6249de171e6b54f309181a174ca02e56267a865faf2e66b7a4442219032b
loose,gemma7b_validation.py,35077,1766450896,5fa2f473d5572b8a725ba17aa37c7bab34a5dbb330f71e3ac13cffaa003b04bc
loose,gemma7b_validation_v2.py,43193,1766451307,e6c9cdfa1057bf215048a07dbeccf00cb543136258c0b210e21aa6b1d76ab21c
loose,generate_roc_curves.py,9819,1767507448,cda69ac5c4363bea8e735895f803762a87dbe05df9498ca302bcf6456fce0c95
loose,ihe_analyze.py,15873,1767045340,a0d5886480851c6b5d9bf79bfc8c362b1411363c307ff4d3ab8875a0a466fb8e
loose,ihe_core (1).py,64574,1767045559,ffd905221fed79bc979c0e6f9d73db5dc1d619d1cc897e11927083574daf961a
loose,ihe_core (2).py,65493,1767046056,a614395a46ac163ab0e8968f0211de9be06ae23fd7b04d8d2bee4cbd24915aca
loose,ihe_core.py,64492,1767045433,2ffd5d1e740ab600aae09026b0e640a36a1078d9b4937c9edb0055a8e799e7a4
loose,ihe_train.py,12941,1767046057,2288b10c6a3e373399ae94381d52e8f4f820969db7ad072531609f44e3c326bc
loose,injecagent_benchmark_v4.py,18940,1767139572,991176abb0ab55832f100b707040114e3a790b01cbf3969914416b3bfe4b912a
loose,layer_sweep_methodology (1).py,17097,1767300633,6197f21fc63d909459d9e3280d8d53e207e075fc97fe9b27fb3db4db940dc797
loose,llama3_validation.py,46486,1766456627,7a9f6f719337444f3cc5e17737abb2675e59b259e8084da692b6943c0fedf301
loose,llama_guard3_defense_comparison.py,26661,1766463569,83d6174504c4c84b371b739028480a713f17d2fe60aea7d52a1a165cc30add22
loose,mlcommons_benchmark.py,25029,1766467406,16a9e6a584d81717cc1309f8e5234908cbe1add8f5c42a5102fb694eca5d7c3d
loose,package_release.py,22008,1767500079,5b4d000446d767858e0f915fd80e379528f717df3df3acf08108552caa16f87c
loose,phase1_live_agent_v2.py,27842,1767073010,9007d1c1303c2b75363ee6a1358b7b992659b77ea68cf8661b1bc9b83e104645
loose,phase1_live_agent_v4.py,36910,1767073784,c201a91ec8ed1ac050beda6c67afc726fabde37d8dd5e97961c0aa48573078d5
loose,phase1_live_agent_v5.py,36952,1767074080,63e928c46ba3a9033ca1192371f086ddd3b9fe5a672ce60d2efb27d84d04b0ee
loose,phase1_validation.py,32761,1766449942,a746e7012a05458c6b2e98042b1f175b09a0cfb1f3dea4ed871e62c33b6f2b2b
loose,phase1_validation_v2.py,38430,1766449941,7a83fa3919d45360252bae5e24bcb3c590b876e9dc2f8f8fd9fca1e3a391e1fa
loose,phase1_validation_v3.py,40166,1766449935,3bfdfb027554457b5c55ec398f8d0c1bf29c33ced325caefe596576d55c99e39
loose,phase1_validation_v4.py,36060,1766450691,93c0ed839d42a9065a3d3360e2503909269436ddd76cbdbf163fcc63a0520657
loose,pretrain_gemma3_fixed.py,15040,1767499749,df27204b40cd5210898cfe6bc5a269e60c463e22a4431ae0c9c47a6cfcd31f36
loose,quantization_validation.py,19313,1766471749,029816f1ba39c549fc76a3a918b3f453d054df9dd0b4a638a07623c8dacb5a5a
loose,recalibrate_probes.py,9238,1767497072,d73a06e88ebff9c8f48f404fdae422c847166f1a61a6120534a795b10b9712e4
loose,recalibrate_v2.py,9663,1767498294,0ecd65868b7b91d88dc7f3e418c5ff8d392c8cf265774206578b703d0bbe7953
loose,request_a100_quota.sh,3244,1767552393,a8205f2e979194386f4e9c194d3fd2dfbad6b3ea4be423aa84d950ea0843d0c1
loose,retrain_aag_all_models.py,13179,1767501322,b5ed3868f769a600eed43353d90d26de7173594438678aa5322a7090d693ccb2
loose,retrain_aag_injecagent.py,13830,1767501038,b21506d65113a4395af0a98b5e8ed32906de5819d121d58d2bbe98ee7fb0b8aa
loose,run_validation_llama.py,20388,1767370642,eea61726ea84a4e96c1ed7c3a281cde2335e856a1bca413cc9469b794aa76dc3
loose,simpleqa_ahd_benchmark (1).py,25225,1767227782,53ee8d2d72cfa26c4d6d0b0aa1d327bdf87793f402d92a68c6e9412678aef661
loose,simpleqa_ahd_benchmark (2).py,29751,1767229461,fad45c4c3fe0c8e28cda84b5ca956173181737669b9813755bd14a47c48b4ea7
loose,simpleqa_ahd_benchmark.py,24727,1767227643,54f6390a757645393ddfb3e34057961020fb0de98fcc5535b0a2204f19a8c301
loose,small_model_validation.py,21166,1766477891,8a90f2e288a1749da5b461bf45ba9e4d102536fac46a7a06548fa93f7150f0e6
loose,tune_aag_threshold.py,8686,1767501177,55d083b96b0b0689a458bc943a1110bbd3a93e84abbe4d88fe9b75a4849782fd
loose,tune_all_thresholds.py,12549,1767504022,15b6e9284341165c015e873b6d40b6b71dc77b946a341a8da8a95dbd80be2bf9
loose,w3.py,1510,1771131685,a19c75a8a1c0357eda6f40ad1ed05a159e170ad66c6b3738db631c40d4e590b0
